VendorID,InvoiceAmount,PaymentDelay,OutstandingAmount,InvoiceCount
V001,447540,39,140562,76
V002,51751,19,237477,60
V003,147270,15,174886,23
V004,369917,33,90036,71
V005,587659,40,113871,92
V006,726804,36,47569,97
V007,528954,25,101621,78
V008,607839,17,131336,97
V009,612435,45,116522,53
V010,335139,29,113840,86
V011,991075,17,2244,73
V012,837286,27,147216,47
V013,200978,35,97546,90
V014,355339,27,203458,54
V015,503175,31,16267,99
V016,216280,29,136731,46
V017,986832,25,149470,48
V018,134265,21,51667,69
V019,631471,33,140950,22
V020,959274,38,127433,48
V021,779580,34,153255,20
V022,409696,45,212719,29
V023,436418,27,18129,42
V024,162686,25,122040,78
V025,527611,41,131333,78
V026,550508,18,140274,10
V027,578604,42,235820,81
V028,348941,38,44045,58
V029,600263,15,43497,99
V030,514217,42,160657,74
V031,520344,45,29084,12
V032,303033,26,9845,36
V033,308507,15,191566,60
V034,874261,24,40075,64
V035,998053,36,130268,10
V036,516649,19,136543,50
V037,149464,44,155405,90
V038,220462,20,206788,16
V039,109107,22,39766,19
V040,408043,26,176052,23
V041,626891,10,16935,19
V042,326050,13,240166,58
V043,773760,7,220633,5
V044,516320,9,225471,18
V045,865813,15,126056,41
V046,755131,5,42298,29
V047,428651,14,14884,37
V048,610919,6,31707,47
V049,699401,15,26457,61
V050,54480,7,211726,58
V051,918291,13,80104,13
V052,247127,9,229383,44
V053,972980,15,52419,59
V054,991111,6,217393,13
V055,921297,14,226075,32
V056,600844,9,25850,96
V057,474363,12,112364,89
V058,584885,7,110310,95
V059,946393,7,242493,5
V060,917883,14,144500,66
V061,850686,12,147501,80
V062,841002,10,110460,89
V063,762644,6,186860,17
V064,935180,13,109119,88
V065,774414,7,135206,96
V066,237514,7,202215,76
V067,417192,12,177392,69
V068,781081,12,23134,46
V069,624877,5,182175,91
V070,262161,10,213829,91
V071,620837,5,81463,91
V072,679088,5,127419,70
V073,822915,8,128005,19
V074,436073,11,45852,29
V075,92336,15,108688,11
V076,244436,11,31743,8
V077,385325,5,158589,65
V078,548981,5,146306,33
V079,896718,12,238555,39
V080,935336,15,84437,53
V081,583969,7,116430,91
V082,897251,9,193067,15
V083,411015,10,183397,80
V084,906147,7,51428,42
V085,859178,9,87304,84
V086,506264,8,45099,17
V087,299049,15,176135,44
V088,502851,10,190192,81
V089,203361,8,178122,80
V090,235825,8,183708,7
V091,700547,11,113194,96
V092,264234,13,49843,6
V093,507245,12,142747,44
V094,834817,5,191897,64
V095,316858,10,70096,78
V096,237050,15,62986,27
V097,445940,7,42201,38
V098,756622,11,156711,34
V099,526195,14,175121,11
V100,216925,9,63426,72
V101,322258,11,204815,93
V102,226096,8,109431,40
V103,290195,5,26984,71
V104,119133,14,18979,70
V105,889533,15,102834,85
V106,706741,8,226586,43
V107,130730,7,248982,52
V108,939133,12,148001,10
V109,723073,6,107988,36
V110,785459,8,200781,91
V111,118079,13,169290,22
V112,269352,5,86124,8
V113,588719,14,100266,53
V114,407891,15,88467,31
V115,239924,13,220116,78
V116,244096,10,198939,60
V117,109791,6,105229,13
V118,513848,10,6033,9
V119,827922,10,125508,79
V120,968213,12,18945,23
V121,963083,4,69668,84
V122,300673,0,134766,44
V123,307145,5,96400,47
V124,927109,3,28300,17
V125,810272,5,173914,31
V126,116027,1,244370,62
V127,535631,0,88764,20
V128,996008,4,85256,68
V129,967863,1,226937,36
V130,751353,2,230100,75
V131,195503,3,175932,64
V132,193547,0,82804,92
V133,908360,4,165404,9
V134,964654,5,178024,26
V135,488317,1,249307,98
V136,229346,4,213340,42
V137,967788,3,110965,100
V138,873155,1,145118,75
V139,928525,0,138060,70
V140,452342,0,157414,85
V141,236637,4,130950,7
V142,891495,3,29387,33
V143,742486,2,107117,9
V144,158808,3,171383,29
V145,350060,5,197764,89
V146,392117,2,174804,55
V147,864004,2,47460,16
V148,686387,5,170898,17
V149,550055,2,224103,75
V150,814556,3,22349,38
V151,183546,4,74438,38
V152,655811,4,120223,57
V153,594784,3,187722,9
V154,961786,5,156861,98
V155,819455,2,173477,36
V156,414693,4,226196,99
V157,631425,0,36737,73
V158,201460,2,176602,85
V159,790603,0,115322,94
V160,54423,1,249514,75
V161,411724,0,48263,46
V162,715014,4,140490,13
V163,479900,2,119059,11
V164,975865,0,77593,81
V165,830192,3,61472,19
V166,114564,3,197596,53
V167,129849,4,145336,48
V168,373487,5,200630,52
V169,299231,3,53087,14
V170,519993,5,242840,47
V171,987513,2,73372,86
V172,694168,0,99331,68
V173,101015,2,25312,20
V174,118089,1,238071,45
V175,637626,0,71260,97
V176,869226,3,110996,42
V177,228995,1,161765,48
V178,424537,4,66699,51
V179,81949,5,17673,21
V180,591866,0,210633,21
V181,987684,1,19449,65
V182,786537,3,4639,86
V183,678205,5,208467,73
V184,82439,2,107379,95
V185,491167,3,165621,55
V186,985727,2,84989,74
V187,244176,1,244474,92
V188,158156,5,68657,83
V189,201818,0,227643,57
V190,220494,5,171431,22
V191,701289,0,85073,67
V192,355711,1,156054,99
V193,337388,5,157677,94
V194,109117,1,152992,56
V195,357035,3,91032,56
V196,281145,3,111851,97
V197,511410,5,168191,69
V198,894729,0,148732,19
V199,373920,2,64025,30
V200,140219,4,120777,46
V201,822800,1,88608,100
V202,162832,1,56399,90
V203,690900,3,59527,41
V204,470322,3,155747,48
V205,753352,2,229949,80
V206,609943,1,65132,26
V207,520503,3,228315,48
V208,674504,4,61642,11
V209,63091,5,148877,74
V210,394401,5,92772,36
V211,943727,5,72737,83
V212,626950,0,192643,45
V213,656811,5,169280,6
V214,187743,2,147055,93
V215,158576,3,216923,6
V216,140588,3,167987,27
V217,614780,4,74504,6
V218,273098,1,155628,22
V219,402396,3,246940,96
V220,286206,0,24897,40
V221,685150,2,67995,34
V222,600566,3,87318,60
V223,74320,5,134868,88
V224,129864,4,230322,95
V225,356995,1,7193,24
V226,555437,3,182593,52
V227,995314,2,107401,28
V228,414020,0,20332,20
V229,882933,1,149199,90
V230,620578,4,104096,66
V231,328323,0,17893,35
V232,736049,5,107060,31
V233,69245,3,46068,17
V234,149083,0,107170,32
V235,426482,5,225180,98
V236,211704,3,247243,61
V237,917911,0,62524,53
V238,364625,2,81874,46
V239,599739,0,96343,15
V240,833577,1,58470,79
V241,156104,3,162952,77
V242,847075,4,71664,69
V243,960716,3,100688,67
V244,255139,2,6509,12
V245,468484,3,196395,72
V246,637447,1,209746,5
V247,905397,3,145178,69
V248,997806,4,22133,10
V249,196639,4,24375,59
V250,568322,2,154107,91
V251,430316,5,22593,44
V252,513122,0,168384,94
V253,780196,1,201005,34
V254,371407,1,142205,43
V255,687316,4,54950,40
V256,658689,2,87447,37
V257,756310,5,100002,28
V258,909263,0,124237,61
V259,926326,5,40391,70
V260,943661,2,36013,10
V261,75419,4,107655,26
V262,171322,0,98915,6
V263,784766,5,177340,33
V264,522384,3,2024,25
V265,660455,3,218396,8
V266,323215,5,218850,16
V267,951159,0,243514,90
V268,677850,4,151162,53
V269,384121,2,39150,21
V270,293950,3,142506,13
V271,798558,3,192772,44
V272,571933,2,244011,17
V273,94873,0,102083,57
V274,577721,4,27595,22
V275,864601,5,203041,59
V276,319231,0,191347,79
V277,420941,0,40808,46
V278,869789,4,168796,41
V279,765956,0,151909,80
V280,810205,4,216810,53
V281,969501,0,232306,98
V282,532653,3,75827,37
V283,772618,0,30706,44
V284,416004,5,161769,79
V285,800613,2,225551,41
V286,674874,4,19893,29
V287,280780,2,189241,83
V288,582992,3,207705,48
V289,809937,5,80477,53
V290,794573,5,181577,82
V291,268132,3,210619,57
V292,643795,2,170805,43
V293,941249,3,175508,91
V294,225612,0,163406,14
V295,567887,1,67505,12
V296,489918,2,2787,88
V297,816228,0,220708,80
V298,261531,1,141393,65
V299,996775,4,190433,72
V300,612964,5,45682,21
