VendorID,VendorName,Category,Country,SoleSourceFlag,RiskCategory
V001,Enterprise Vendor 001,Logistics,India,No,High
V002,Enterprise Vendor 002,Cloud,UK,No,High
V003,Enterprise Vendor 003,Consulting,Germany,Yes,High
V004,Enterprise Vendor 004,Logistics,Germany,No,High
V005,Enterprise Vendor 005,Hardware,Germany,No,High
V006,Enterprise Vendor 006,Logistics,Singapore,Yes,High
V007,Enterprise Vendor 007,Cloud,Germany,No,High
V008,Enterprise Vendor 008,Hardware,UK,No,High
V009,Enterprise Vendor 009,Cloud,Germany,No,High
V010,Enterprise Vendor 010,Hardware,UK,No,High
V011,Enterprise Vendor 011,Logistics,UAE,Yes,High
V012,Enterprise Vendor 012,Logistics,UK,No,High
V013,Enterprise Vendor 013,Telecom,India,No,High
V014,Enterprise Vendor 014,Logistics,USA,No,High
V015,Enterprise Vendor 015,Consulting,USA,No,High
V016,Enterprise Vendor 016,Logistics,Germany,No,High
V017,Enterprise Vendor 017,Hardware,Singapore,No,High
V018,Enterprise Vendor 018,Logistics,Germany,Yes,High
V019,Enterprise Vendor 019,Hardware,Singapore,No,High
V020,Enterprise Vendor 020,Hardware,UK,No,High
V021,Enterprise Vendor 021,Cloud,Singapore,No,High
V022,Enterprise Vendor 022,Logistics,UK,No,High
V023,Enterprise Vendor 023,Logistics,USA,No,High
V024,Enterprise Vendor 024,Telecom,India,No,High
V025,Enterprise Vendor 025,Cloud,Singapore,No,High
V026,Enterprise Vendor 026,Telecom,UAE,No,High
V027,Enterprise Vendor 027,Software,Singapore,No,High
V028,Enterprise Vendor 028,Software,UAE,No,High
V029,Enterprise Vendor 029,Consulting,USA,No,High
V030,Enterprise Vendor 030,Software,UK,No,High
V031,Enterprise Vendor 031,Consulting,Germany,No,High
V032,Enterprise Vendor 032,Telecom,USA,No,High
V033,Enterprise Vendor 033,Consulting,UK,No,High
V034,Enterprise Vendor 034,Software,Singapore,Yes,High
V035,Enterprise Vendor 035,Telecom,Singapore,No,High
V036,Enterprise Vendor 036,Telecom,UK,No,High
V037,Enterprise Vendor 037,Hardware,Singapore,No,High
V038,Enterprise Vendor 038,Software,Germany,Yes,High
V039,Enterprise Vendor 039,Telecom,USA,No,High
V040,Enterprise Vendor 040,Software,USA,No,High
V041,Enterprise Vendor 041,Logistics,USA,No,Medium
V042,Enterprise Vendor 042,Cloud,UAE,No,Medium
V043,Enterprise Vendor 043,Hardware,Singapore,No,Medium
V044,Enterprise Vendor 044,Telecom,UAE,No,Medium
V045,Enterprise Vendor 045,Software,USA,No,Medium
V046,Enterprise Vendor 046,Consulting,India,No,Medium
V047,Enterprise Vendor 047,Logistics,India,No,Medium
V048,Enterprise Vendor 048,Cloud,Singapore,No,Medium
V049,Enterprise Vendor 049,Telecom,USA,Yes,Medium
V050,Enterprise Vendor 050,Telecom,India,No,Medium
V051,Enterprise Vendor 051,Telecom,USA,No,Medium
V052,Enterprise Vendor 052,Hardware,UAE,No,Medium
V053,Enterprise Vendor 053,Hardware,UAE,Yes,Medium
V054,Enterprise Vendor 054,Software,UAE,Yes,Medium
V055,Enterprise Vendor 055,Consulting,Singapore,No,Medium
V056,Enterprise Vendor 056,Software,UAE,Yes,Medium
V057,Enterprise Vendor 057,Logistics,UAE,No,Medium
V058,Enterprise Vendor 058,Consulting,UAE,No,Medium
V059,Enterprise Vendor 059,Cloud,UAE,No,Medium
V060,Enterprise Vendor 060,Telecom,UAE,No,Medium
V061,Enterprise Vendor 061,Consulting,UAE,No,Medium
V062,Enterprise Vendor 062,Cloud,India,No,Medium
V063,Enterprise Vendor 063,Cloud,Germany,No,Medium
V064,Enterprise Vendor 064,Logistics,UK,No,Medium
V065,Enterprise Vendor 065,Hardware,UAE,No,Medium
V066,Enterprise Vendor 066,Consulting,UAE,No,Medium
V067,Enterprise Vendor 067,Consulting,India,No,Medium
V068,Enterprise Vendor 068,Logistics,India,No,Medium
V069,Enterprise Vendor 069,Logistics,UK,No,Medium
V070,Enterprise Vendor 070,Hardware,USA,Yes,Medium
V071,Enterprise Vendor 071,Consulting,USA,No,Medium
V072,Enterprise Vendor 072,Cloud,USA,No,Medium
V073,Enterprise Vendor 073,Logistics,USA,No,Medium
V074,Enterprise Vendor 074,Software,UK,Yes,Medium
V075,Enterprise Vendor 075,Consulting,Germany,No,Medium
V076,Enterprise Vendor 076,Logistics,UK,Yes,Medium
V077,Enterprise Vendor 077,Logistics,UK,No,Medium
V078,Enterprise Vendor 078,Software,USA,No,Medium
V079,Enterprise Vendor 079,Logistics,Germany,No,Medium
V080,Enterprise Vendor 080,Telecom,India,No,Medium
V081,Enterprise Vendor 081,Hardware,USA,No,Medium
V082,Enterprise Vendor 082,Cloud,USA,No,Medium
V083,Enterprise Vendor 083,Consulting,UAE,No,Medium
V084,Enterprise Vendor 084,Telecom,UK,No,Medium
V085,Enterprise Vendor 085,Cloud,Germany,Yes,Medium
V086,Enterprise Vendor 086,Logistics,USA,Yes,Medium
V087,Enterprise Vendor 087,Consulting,India,No,Medium
V088,Enterprise Vendor 088,Hardware,Singapore,No,Medium
V089,Enterprise Vendor 089,Consulting,UAE,No,Medium
V090,Enterprise Vendor 090,Consulting,India,Yes,Medium
V091,Enterprise Vendor 091,Cloud,UAE,No,Medium
V092,Enterprise Vendor 092,Logistics,USA,No,Medium
V093,Enterprise Vendor 093,Software,Germany,No,Medium
V094,Enterprise Vendor 094,Logistics,UK,Yes,Medium
V095,Enterprise Vendor 095,Hardware,USA,No,Medium
V096,Enterprise Vendor 096,Logistics,Germany,No,Medium
V097,Enterprise Vendor 097,Software,UAE,No,Medium
V098,Enterprise Vendor 098,Consulting,USA,No,Medium
V099,Enterprise Vendor 099,Consulting,India,No,Medium
V100,Enterprise Vendor 100,Telecom,USA,No,Medium
V101,Enterprise Vendor 101,Telecom,India,No,Medium
V102,Enterprise Vendor 102,Consulting,UK,No,Medium
V103,Enterprise Vendor 103,Software,USA,No,Medium
V104,Enterprise Vendor 104,Software,USA,No,Medium
V105,Enterprise Vendor 105,Logistics,UAE,No,Medium
V106,Enterprise Vendor 106,Consulting,UAE,No,Medium
V107,Enterprise Vendor 107,Telecom,UK,Yes,Medium
V108,Enterprise Vendor 108,Consulting,India,No,Medium
V109,Enterprise Vendor 109,Consulting,USA,No,Medium
V110,Enterprise Vendor 110,Logistics,UK,No,Medium
V111,Enterprise Vendor 111,Logistics,USA,No,Medium
V112,Enterprise Vendor 112,Telecom,UAE,No,Medium
V113,Enterprise Vendor 113,Logistics,USA,No,Medium
V114,Enterprise Vendor 114,Consulting,USA,No,Medium
V115,Enterprise Vendor 115,Consulting,Germany,No,Medium
V116,Enterprise Vendor 116,Consulting,Singapore,No,Medium
V117,Enterprise Vendor 117,Telecom,India,No,Medium
V118,Enterprise Vendor 118,Logistics,USA,No,Medium
V119,Enterprise Vendor 119,Software,UAE,No,Medium
V120,Enterprise Vendor 120,Consulting,UAE,No,Medium
V121,Enterprise Vendor 121,Software,USA,No,Low
V122,Enterprise Vendor 122,Logistics,UK,No,Low
V123,Enterprise Vendor 123,Cloud,UAE,No,Low
V124,Enterprise Vendor 124,Hardware,India,No,Low
V125,Enterprise Vendor 125,Consulting,UAE,Yes,Low
V126,Enterprise Vendor 126,Cloud,UAE,No,Low
V127,Enterprise Vendor 127,Telecom,UAE,No,Low
V128,Enterprise Vendor 128,Cloud,UK,No,Low
V129,Enterprise Vendor 129,Telecom,UK,Yes,Low
V130,Enterprise Vendor 130,Cloud,Singapore,No,Low
V131,Enterprise Vendor 131,Software,USA,No,Low
V132,Enterprise Vendor 132,Cloud,Singapore,No,Low
V133,Enterprise Vendor 133,Cloud,Germany,No,Low
V134,Enterprise Vendor 134,Software,Germany,Yes,Low
V135,Enterprise Vendor 135,Hardware,Germany,No,Low
V136,Enterprise Vendor 136,Hardware,UAE,No,Low
V137,Enterprise Vendor 137,Hardware,India,No,Low
V138,Enterprise Vendor 138,Cloud,USA,Yes,Low
V139,Enterprise Vendor 139,Telecom,Germany,No,Low
V140,Enterprise Vendor 140,Consulting,Singapore,No,Low
V141,Enterprise Vendor 141,Software,USA,No,Low
V142,Enterprise Vendor 142,Telecom,UAE,No,Low
V143,Enterprise Vendor 143,Consulting,India,No,Low
V144,Enterprise Vendor 144,Cloud,Singapore,No,Low
V145,Enterprise Vendor 145,Consulting,USA,No,Low
V146,Enterprise Vendor 146,Logistics,Germany,No,Low
V147,Enterprise Vendor 147,Telecom,Germany,No,Low
V148,Enterprise Vendor 148,Consulting,India,No,Low
V149,Enterprise Vendor 149,Software,UK,No,Low
V150,Enterprise Vendor 150,Consulting,India,No,Low
V151,Enterprise Vendor 151,Consulting,Singapore,No,Low
V152,Enterprise Vendor 152,Cloud,USA,No,Low
V153,Enterprise Vendor 153,Telecom,India,No,Low
V154,Enterprise Vendor 154,Logistics,UK,No,Low
V155,Enterprise Vendor 155,Software,Singapore,No,Low
V156,Enterprise Vendor 156,Logistics,UAE,No,Low
V157,Enterprise Vendor 157,Cloud,UAE,Yes,Low
V158,Enterprise Vendor 158,Hardware,USA,No,Low
V159,Enterprise Vendor 159,Hardware,UAE,No,Low
V160,Enterprise Vendor 160,Software,USA,Yes,Low
V161,Enterprise Vendor 161,Consulting,USA,No,Low
V162,Enterprise Vendor 162,Logistics,Singapore,No,Low
V163,Enterprise Vendor 163,Consulting,UAE,No,Low
V164,Enterprise Vendor 164,Software,USA,No,Low
V165,Enterprise Vendor 165,Logistics,India,Yes,Low
V166,Enterprise Vendor 166,Logistics,USA,No,Low
V167,Enterprise Vendor 167,Logistics,UAE,No,Low
V168,Enterprise Vendor 168,Telecom,UAE,No,Low
V169,Enterprise Vendor 169,Consulting,Germany,Yes,Low
V170,Enterprise Vendor 170,Consulting,India,No,Low
V171,Enterprise Vendor 171,Telecom,Singapore,Yes,Low
V172,Enterprise Vendor 172,Logistics,Singapore,No,Low
V173,Enterprise Vendor 173,Software,Germany,No,Low
V174,Enterprise Vendor 174,Telecom,UAE,No,Low
V175,Enterprise Vendor 175,Cloud,USA,No,Low
V176,Enterprise Vendor 176,Telecom,UK,No,Low
V177,Enterprise Vendor 177,Logistics,Germany,Yes,Low
V178,Enterprise Vendor 178,Cloud,Singapore,No,Low
V179,Enterprise Vendor 179,Software,Germany,Yes,Low
V180,Enterprise Vendor 180,Cloud,Singapore,Yes,Low
V181,Enterprise Vendor 181,Software,Germany,No,Low
V182,Enterprise Vendor 182,Logistics,UK,No,Low
V183,Enterprise Vendor 183,Logistics,India,No,Low
V184,Enterprise Vendor 184,Telecom,UK,No,Low
V185,Enterprise Vendor 185,Telecom,UAE,No,Low
V186,Enterprise Vendor 186,Logistics,UAE,No,Low
V187,Enterprise Vendor 187,Software,Singapore,No,Low
V188,Enterprise Vendor 188,Hardware,UK,No,Low
V189,Enterprise Vendor 189,Logistics,India,No,Low
V190,Enterprise Vendor 190,Cloud,Singapore,No,Low
V191,Enterprise Vendor 191,Logistics,India,No,Low
V192,Enterprise Vendor 192,Logistics,USA,No,Low
V193,Enterprise Vendor 193,Hardware,UK,No,Low
V194,Enterprise Vendor 194,Consulting,India,No,Low
V195,Enterprise Vendor 195,Hardware,India,No,Low
V196,Enterprise Vendor 196,Cloud,UAE,No,Low
V197,Enterprise Vendor 197,Telecom,UK,No,Low
V198,Enterprise Vendor 198,Cloud,Singapore,No,Low
V199,Enterprise Vendor 199,Hardware,India,No,Low
V200,Enterprise Vendor 200,Consulting,USA,No,Low
V201,Enterprise Vendor 201,Hardware,USA,No,Low
V202,Enterprise Vendor 202,Hardware,UK,No,Low
V203,Enterprise Vendor 203,Hardware,UK,Yes,Low
V204,Enterprise Vendor 204,Telecom,USA,No,Low
V205,Enterprise Vendor 205,Logistics,UK,Yes,Low
V206,Enterprise Vendor 206,Hardware,Germany,No,Low
V207,Enterprise Vendor 207,Logistics,Germany,No,Low
V208,Enterprise Vendor 208,Consulting,Singapore,No,Low
V209,Enterprise Vendor 209,Hardware,UAE,No,Low
V210,Enterprise Vendor 210,Logistics,Singapore,No,Low
V211,Enterprise Vendor 211,Logistics,USA,No,Low
V212,Enterprise Vendor 212,Telecom,UAE,No,Low
V213,Enterprise Vendor 213,Telecom,Singapore,No,Low
V214,Enterprise Vendor 214,Software,Germany,Yes,Low
V215,Enterprise Vendor 215,Software,USA,No,Low
V216,Enterprise Vendor 216,Cloud,India,No,Low
V217,Enterprise Vendor 217,Cloud,UK,Yes,Low
V218,Enterprise Vendor 218,Software,India,No,Low
V219,Enterprise Vendor 219,Cloud,India,No,Low
V220,Enterprise Vendor 220,Consulting,Germany,No,Low
V221,Enterprise Vendor 221,Consulting,UK,No,Low
V222,Enterprise Vendor 222,Hardware,UAE,No,Low
V223,Enterprise Vendor 223,Software,Germany,No,Low
V224,Enterprise Vendor 224,Software,USA,No,Low
V225,Enterprise Vendor 225,Consulting,UAE,No,Low
V226,Enterprise Vendor 226,Software,Singapore,No,Low
V227,Enterprise Vendor 227,Cloud,Singapore,No,Low
V228,Enterprise Vendor 228,Software,Germany,No,Low
V229,Enterprise Vendor 229,Logistics,USA,Yes,Low
V230,Enterprise Vendor 230,Hardware,Germany,Yes,Low
V231,Enterprise Vendor 231,Hardware,Germany,Yes,Low
V232,Enterprise Vendor 232,Software,Singapore,No,Low
V233,Enterprise Vendor 233,Logistics,Singapore,No,Low
V234,Enterprise Vendor 234,Telecom,UAE,No,Low
V235,Enterprise Vendor 235,Hardware,India,Yes,Low
V236,Enterprise Vendor 236,Cloud,UK,No,Low
V237,Enterprise Vendor 237,Cloud,Singapore,No,Low
V238,Enterprise Vendor 238,Consulting,USA,No,Low
V239,Enterprise Vendor 239,Hardware,UAE,Yes,Low
V240,Enterprise Vendor 240,Logistics,India,No,Low
V241,Enterprise Vendor 241,Software,India,No,Low
V242,Enterprise Vendor 242,Telecom,UK,No,Low
V243,Enterprise Vendor 243,Consulting,India,Yes,Low
V244,Enterprise Vendor 244,Software,Singapore,No,Low
V245,Enterprise Vendor 245,Logistics,Germany,No,Low
V246,Enterprise Vendor 246,Cloud,USA,Yes,Low
V247,Enterprise Vendor 247,Logistics,India,Yes,Low
V248,Enterprise Vendor 248,Telecom,UK,No,Low
V249,Enterprise Vendor 249,Logistics,India,No,Low
V250,Enterprise Vendor 250,Telecom,India,No,Low
V251,Enterprise Vendor 251,Hardware,India,No,Low
V252,Enterprise Vendor 252,Telecom,UK,Yes,Low
V253,Enterprise Vendor 253,Hardware,Germany,Yes,Low
V254,Enterprise Vendor 254,Logistics,UAE,No,Low
V255,Enterprise Vendor 255,Consulting,UK,No,Low
V256,Enterprise Vendor 256,Cloud,India,No,Low
V257,Enterprise Vendor 257,Telecom,UAE,Yes,Low
V258,Enterprise Vendor 258,Logistics,India,No,Low
V259,Enterprise Vendor 259,Consulting,India,No,Low
V260,Enterprise Vendor 260,Software,Germany,No,Low
V261,Enterprise Vendor 261,Hardware,Singapore,No,Low
V262,Enterprise Vendor 262,Consulting,USA,No,Low
V263,Enterprise Vendor 263,Logistics,Germany,No,Low
V264,Enterprise Vendor 264,Consulting,Singapore,No,Low
V265,Enterprise Vendor 265,Cloud,UK,No,Low
V266,Enterprise Vendor 266,Logistics,UK,No,Low
V267,Enterprise Vendor 267,Software,USA,No,Low
V268,Enterprise Vendor 268,Consulting,Germany,No,Low
V269,Enterprise Vendor 269,Telecom,UAE,No,Low
V270,Enterprise Vendor 270,Logistics,Germany,No,Low
V271,Enterprise Vendor 271,Logistics,USA,No,Low
V272,Enterprise Vendor 272,Logistics,UAE,No,Low
V273,Enterprise Vendor 273,Consulting,UK,No,Low
V274,Enterprise Vendor 274,Logistics,UK,Yes,Low
V275,Enterprise Vendor 275,Consulting,UAE,No,Low
V276,Enterprise Vendor 276,Telecom,USA,No,Low
V277,Enterprise Vendor 277,Telecom,USA,No,Low
V278,Enterprise Vendor 278,Telecom,India,No,Low
V279,Enterprise Vendor 279,Telecom,UAE,No,Low
V280,Enterprise Vendor 280,Software,UAE,No,Low
V281,Enterprise Vendor 281,Software,Singapore,No,Low
V282,Enterprise Vendor 282,Hardware,Germany,No,Low
V283,Enterprise Vendor 283,Hardware,Singapore,No,Low
V284,Enterprise Vendor 284,Software,UK,No,Low
V285,Enterprise Vendor 285,Telecom,Germany,Yes,Low
V286,Enterprise Vendor 286,Telecom,Germany,No,Low
V287,Enterprise Vendor 287,Telecom,Singapore,No,Low
V288,Enterprise Vendor 288,Consulting,India,No,Low
V289,Enterprise Vendor 289,Logistics,UK,No,Low
V290,Enterprise Vendor 290,Cloud,Singapore,No,Low
V291,Enterprise Vendor 291,Consulting,USA,Yes,Low
V292,Enterprise Vendor 292,Hardware,Singapore,Yes,Low
V293,Enterprise Vendor 293,Cloud,UAE,No,Low
V294,Enterprise Vendor 294,Software,Germany,No,Low
V295,Enterprise Vendor 295,Software,UK,Yes,Low
V296,Enterprise Vendor 296,Hardware,India,No,Low
V297,Enterprise Vendor 297,Hardware,UK,No,Low
V298,Enterprise Vendor 298,Hardware,India,No,Low
V299,Enterprise Vendor 299,Software,Singapore,Yes,Low
V300,Enterprise Vendor 300,Hardware,UAE,No,Low
