VendorID,DeliveryRate,QualityScore,SLACompliance,LateDeliveries
V001,56,68,57,1
V002,65,61,60,5
V003,74,72,57,1
V004,55,69,68,24
V005,61,76,73,20
V006,75,75,71,24
V007,70,68,60,23
V008,55,66,73,12
V009,75,69,70,4
V010,56,60,59,21
V011,55,63,74,13
V012,57,77,75,1
V013,66,60,75,21
V014,57,61,71,24
V015,59,77,65,12
V016,69,60,66,0
V017,71,77,59,7
V018,63,76,62,16
V019,55,66,63,10
V020,59,75,70,18
V021,62,76,59,10
V022,66,74,66,14
V023,67,61,68,12
V024,63,76,74,9
V025,62,74,63,22
V026,65,61,60,4
V027,72,64,65,14
V028,73,60,65,8
V029,68,61,74,8
V030,61,69,70,3
V031,63,66,71,25
V032,68,73,71,6
V033,57,72,55,1
V034,60,69,58,11
V035,68,67,71,2
V036,59,75,58,0
V037,66,66,67,24
V038,57,66,67,0
V039,56,63,59,1
V040,57,64,56,13
V041,86,79,80,1
V042,80,82,78,17
V043,81,84,86,10
V044,84,79,86,10
V045,79,85,86,13
V046,84,81,82,20
V047,78,80,78,2
V048,78,83,82,21
V049,88,89,89,3
V050,89,84,86,7
V051,88,80,78,12
V052,77,88,82,22
V053,85,87,88,9
V054,83,79,82,7
V055,85,82,82,2
V056,83,79,84,20
V057,89,85,88,21
V058,77,79,79,11
V059,80,85,89,2
V060,85,81,84,25
V061,81,83,88,17
V062,79,81,76,11
V063,77,89,85,16
V064,84,82,86,20
V065,81,89,83,1
V066,81,79,78,25
V067,84,89,78,8
V068,79,80,82,13
V069,83,79,77,22
V070,83,88,87,14
V071,82,89,89,11
V072,81,82,88,0
V073,82,86,77,13
V074,77,84,84,3
V075,89,80,82,22
V076,80,87,82,19
V077,82,87,81,4
V078,79,87,88,22
V079,88,81,79,14
V080,87,83,77,19
V081,85,88,84,25
V082,85,82,88,13
V083,82,87,77,5
V084,78,83,82,19
V085,85,88,76,5
V086,81,79,77,14
V087,84,79,85,4
V088,83,81,85,13
V089,85,81,79,16
V090,78,87,78,20
V091,87,89,86,25
V092,88,83,80,19
V093,82,87,80,2
V094,88,86,86,25
V095,77,86,83,22
V096,77,80,76,4
V097,79,86,88,11
V098,81,85,84,7
V099,85,84,83,10
V100,76,83,78,20
V101,78,89,80,13
V102,88,81,77,11
V103,84,86,85,13
V104,76,88,89,22
V105,84,86,84,10
V106,84,88,79,6
V107,89,86,80,4
V108,81,80,85,24
V109,87,84,86,9
V110,85,89,80,18
V111,86,86,81,16
V112,86,85,87,6
V113,86,82,78,18
V114,76,80,87,15
V115,82,87,77,22
V116,78,84,79,1
V117,88,86,88,22
V118,87,80,78,7
V119,84,82,83,15
V120,77,85,77,21
V121,99,98,93,2
V122,91,93,93,3
V123,91,94,91,12
V124,99,93,98,1
V125,96,93,98,17
V126,92,92,99,8
V127,91,94,98,21
V128,97,92,99,17
V129,94,92,93,15
V130,96,93,96,8
V131,90,98,91,13
V132,94,92,93,10
V133,94,91,93,24
V134,93,94,97,6
V135,94,92,95,7
V136,92,90,94,13
V137,94,90,93,4
V138,91,93,97,5
V139,98,90,90,24
V140,92,96,97,20
V141,98,99,90,25
V142,92,95,99,4
V143,95,91,93,15
V144,97,93,93,11
V145,90,93,98,13
V146,99,91,90,0
V147,99,95,99,23
V148,91,95,93,5
V149,94,95,99,16
V150,94,94,94,11
V151,98,93,90,1
V152,98,96,94,6
V153,90,92,94,9
V154,97,92,95,11
V155,91,99,92,21
V156,94,98,98,19
V157,95,97,97,12
V158,97,91,94,11
V159,91,93,95,1
V160,98,93,90,22
V161,91,93,95,12
V162,92,96,93,24
V163,98,99,91,16
V164,93,91,92,2
V165,96,97,98,15
V166,95,98,93,20
V167,97,98,94,18
V168,92,96,96,9
V169,97,93,99,10
V170,98,95,99,5
V171,90,97,90,5
V172,91,92,99,19
V173,93,98,91,21
V174,99,97,90,19
V175,91,94,90,21
V176,95,99,95,0
V177,93,94,96,4
V178,93,96,97,16
V179,93,90,95,20
V180,93,97,92,19
V181,91,96,99,1
V182,93,91,99,1
V183,94,99,98,22
V184,96,90,95,4
V185,92,97,90,5
V186,99,97,98,16
V187,98,94,96,23
V188,91,99,97,18
V189,98,94,95,11
V190,90,99,96,8
V191,93,94,97,15
V192,99,97,99,20
V193,96,93,94,8
V194,93,95,91,4
V195,97,91,93,18
V196,98,93,96,15
V197,96,97,91,22
V198,98,97,94,15
V199,96,91,99,3
V200,91,92,99,20
V201,91,95,97,1
V202,90,94,91,2
V203,96,97,99,7
V204,92,90,96,11
V205,97,92,97,11
V206,94,96,98,4
V207,95,99,93,24
V208,99,91,94,16
V209,92,93,93,15
V210,97,95,92,22
V211,90,96,94,18
V212,92,94,91,16
V213,93,99,93,0
V214,99,96,97,9
V215,95,96,93,25
V216,98,91,90,19
V217,92,96,94,22
V218,95,90,96,11
V219,99,98,99,24
V220,96,91,97,17
V221,94,92,99,25
V222,97,91,93,9
V223,92,98,90,5
V224,93,93,92,25
V225,94,90,90,19
V226,92,93,97,0
V227,96,91,90,0
V228,93,99,92,9
V229,95,97,91,3
V230,97,93,96,4
V231,97,90,97,23
V232,92,92,99,19
V233,93,95,93,4
V234,93,92,91,16
V235,93,98,96,11
V236,92,92,92,17
V237,95,95,99,17
V238,94,92,96,20
V239,97,90,90,12
V240,92,98,91,15
V241,97,90,97,12
V242,94,95,91,19
V243,92,92,97,13
V244,99,95,97,20
V245,95,93,90,8
V246,94,90,99,14
V247,92,94,98,7
V248,97,91,98,16
V249,93,97,90,13
V250,91,92,97,9
V251,90,98,92,7
V252,93,93,96,6
V253,92,98,92,17
V254,94,90,91,7
V255,94,90,92,7
V256,90,97,98,0
V257,90,91,91,5
V258,90,90,97,0
V259,96,90,96,9
V260,95,93,95,10
V261,90,96,93,12
V262,96,90,97,0
V263,93,94,96,17
V264,96,96,96,19
V265,92,90,94,18
V266,93,91,93,15
V267,93,96,99,7
V268,96,99,96,6
V269,94,97,90,14
V270,90,97,94,1
V271,94,92,95,10
V272,95,92,90,8
V273,94,92,92,5
V274,91,93,93,2
V275,96,91,97,18
V276,90,99,97,8
V277,93,97,94,14
V278,94,95,92,3
V279,91,92,94,7
V280,98,91,92,3
V281,96,92,91,10
V282,96,97,91,19
V283,93,97,95,17
V284,90,99,98,17
V285,90,99,99,14
V286,99,97,91,6
V287,90,90,95,8
V288,93,96,99,4
V289,91,99,96,5
V290,92,97,90,0
V291,90,90,97,3
V292,90,91,93,21
V293,95,97,98,11
V294,99,98,90,17
V295,90,99,94,22
V296,98,90,97,24
V297,98,94,91,9
V298,98,93,93,21
V299,99,91,90,14
V300,96,93,97,18
